0x17d	0x17darg0x0	0
0x17d	0x17darg0x1	1
0x17d	0x17darg0x2	2
0x17d	0x17darg0x3	3
0x17d	0x17darg0x4	4
0x3ea	0x3eaarg0x0	0
0x3ea	0x3eaarg0x1	1
0x3ea	0x3eaarg0x2	2
0x960	0x960arg0x0	0
0x960	0x960arg0x1	1
0x960	0x960arg0x2	2
0x974	0x974arg0x0	0
0x974	0x974arg0x1	1
0x98c	0x98carg0x0	0
0x98c	0x98carg0x1	1
0x98c	0x98carg0x2	2
0x9d4	0x9d4arg0x0	0
0x9d4	0x9d4arg0x1	1
0x9d4	0x9d4arg0x2	2
0xa2f	0xa2farg0x0	0
0xa2f	0xa2farg0x1	1
0xa2f	0xa2farg0x2	2
0xa2f	0xa2farg0x3	3
0xa5f	0xa5farg0x0	0
0xa5f	0xa5farg0x1	1
0xa5f	0xa5farg0x2	2
0xa8b	0xa8barg0x0	0
0xa8b	0xa8barg0x1	1
0xa8b	0xa8barg0x2	2
0xa9e	0xa9earg0x0	0
0xa9e	0xa9earg0x1	1
0xa9e	0xa9earg0x2	2
0xae2	0xae2arg0x0	0
0xae2	0xae2arg0x1	1
0xae2	0xae2arg0x2	2
0xbd2	0xbd2arg0x0	0
0xbd2	0xbd2arg0x1	1
0xc02	0xc02arg0x0	0
0xc02	0xc02arg0x1	1
0xcd8	0xcd8arg0x0	0
0xcd8	0xcd8arg0x1	1
0xcd8	0xcd8arg0x2	2
0xd13	0xd13arg0x0	0
0xd13	0xd13arg0x1	1
0xd13	0xd13arg0x2	2
0xd13	0xd13arg0x3	3
0xd13	0xd13arg0x4	4
0xd13	0xd13arg0x5	5
0xd13	0xd13arg0x6	6
0xd13	0xd13arg0x7	7
0xd13	0xd13arg0x8	8
0xde5	0xde5arg0x0	0
0xde5	0xde5arg0x1	1
0xde5	0xde5arg0x2	2
0xdfd	0xdfdarg0x0	0
0xdfd	0xdfdarg0x1	1
0xe20	0xe20arg0x0	0
0xe20	0xe20arg0x1	1
0xe20	0xe20arg0x2	2
0xee6	0xee6arg0x0	0
0xee6	0xee6arg0x1	1
0xee6	0xee6arg0x2	2
0xfb3	0xfb3arg0x0	0
0xfb3	0xfb3arg0x1	1
0xfb3	0xfb3arg0x2	2
0x1025	0x1025arg0x0	0
0x1025	0x1025arg0x1	1
0x1025	0x1025arg0x2	2
